{"name":"HelloWorldBoot","classpathEntries":[{"kind":"binary","path":"C:\\Program Files\\Java\\jdk-10.0.2\\lib\\jrt-fs.jar","sourceContainerUrl":"file:/C:/Program%20Files/Java/jdk-10.0.2/lib/src.zip","javadocContainerUrl":"https://docs.oracle.com/javase/10/docs/api/","isSystem":true,"isOwn":false,"isTest":false,"isJavaContent":false},{"kind":"binary","path":"C:\\Users\\admin1\\.m2\\repository\\org\\springframework\\boot\\spring-boot-starter\\1.5.4.RELEASE\\spring-boot-starter-1.5.4.RELEASE.jar","sourceContainerUrl":"file:/C:/Users/admin1/.m2/repository/org/springframework/boot/spring-boot-starter/1.5.4.RELEASE/spring-boot-starter-1.5.4.RELEASE-sources.jar","isSystem":false,"isOwn":false,"isTest":false,"isJavaContent":false},{"kind":"binary","path":"C:\\Users\\admin1\\.m2\\repository\\org\\springframework\\boot\\spring-boot\\1.5.4.RELEASE\\spring-boot-1.5.4.RELEASE.jar","sourceContainerUrl":"file:/C:/Users/admin1/.m2/repository/org/springframework/boot/spring-boot/1.5.4.RELEASE/spring-boot-1.5.4.RELEASE-sources.jar","javadocContainerUrl":"file:/C:/Users/admin1/.m2/repository/org/springframework/boot/spring-boot/1.5.4.RELEASE/spring-boot-1.5.4.RELEASE-javadoc.jar","isSystem":false,"isOwn":false,"isTest":false,"isJavaContent":false},{"kind":"binary","path":"C:\\Users\\admin1\\.m2\\repository\\org\\springframework\\spring-context\\4.3.9.RELEASE\\spring-context-4.3.9.RELEASE.jar","sourceContainerUrl":"file:/C:/Users/admin1/.m2/repository/org/springframework/spring-context/4.3.9.RELEASE/spring-context-4.3.9.RELEASE-sources.jar","javadocContainerUrl":"file:/C:/Users/admin1/.m2/repository/org/springframework/spring-context/4.3.9.RELEASE/spring-context-4.3.9.RELEASE-javadoc.jar","isSystem":false,"isOwn":false,"isTest":false,"isJavaContent":false},{"kind":"binary","path":"C:\\Users\\admin1\\.m2\\repository\\org\\springframework\\spring-aop\\4.3.9.RELEASE\\spring-aop-4.3.9.RELEASE.jar","sourceContainerUrl":"file:/C:/Users/admin1/.m2/repository/org/springframework/spring-aop/4.3.9.RELEASE/spring-aop-4.3.9.RELEASE-sources.jar","javadocContainerUrl":"file:/C:/Users/admin1/.m2/repository/org/springframework/spring-aop/4.3.9.RELEASE/spring-aop-4.3.9.RELEASE-javadoc.jar","isSystem":false,"isOwn":false,"isTest":false,"isJavaContent":false},{"kind":"binary","path":"C:\\Users\\admin1\\.m2\\repository\\org\\springframework\\spring-beans\\4.3.9.RELEASE\\spring-beans-4.3.9.RELEASE.jar","sourceContainerUrl":"file:/C:/Users/admin1/.m2/repository/org/springframework/spring-beans/4.3.9.RELEASE/spring-beans-4.3.9.RELEASE-sources.jar","javadocContainerUrl":"file:/C:/Users/admin1/.m2/repository/org/springframework/spring-beans/4.3.9.RELEASE/spring-beans-4.3.9.RELEASE-javadoc.jar","isSystem":false,"isOwn":false,"isTest":false,"isJavaContent":false},{"kind":"binary","path":"C:\\Users\\admin1\\.m2\\repository\\org\\springframework\\spring-expression\\4.3.9.RELEASE\\spring-expression-4.3.9.RELEASE.jar","sourceContainerUrl":"file:/C:/Users/admin1/.m2/repository/org/springframework/spring-expression/4.3.9.RELEASE/spring-expression-4.3.9.RELEASE-sources.jar","javadocContainerUrl":"file:/C:/Users/admin1/.m2/repository/org/springframework/spring-expression/4.3.9.RELEASE/spring-expression-4.3.9.RELEASE-javadoc.jar","isSystem":false,"isOwn":false,"isTest":false,"isJavaContent":false},{"kind":"binary","path":"C:\\Users\\admin1\\.m2\\repository\\org\\springframework\\boot\\spring-boot-autoconfigure\\1.5.4.RELEASE\\spring-boot-autoconfigure-1.5.4.RELEASE.jar","sourceContainerUrl":"file:/C:/Users/admin1/.m2/repository/org/springframework/boot/spring-boot-autoconfigure/1.5.4.RELEASE/spring-boot-autoconfigure-1.5.4.RELEASE-sources.jar","javadocContainerUrl":"file:/C:/Users/admin1/.m2/repository/org/springframework/boot/spring-boot-autoconfigure/1.5.4.RELEASE/spring-boot-autoconfigure-1.5.4.RELEASE-javadoc.jar","isSystem":false,"isOwn":false,"isTest":false,"isJavaContent":false},{"kind":"binary","path":"C:\\Users\\admin1\\.m2\\repository\\org\\springframework\\boot\\spring-boot-starter-logging\\1.5.4.RELEASE\\spring-boot-starter-logging-1.5.4.RELEASE.jar","sourceContainerUrl":"file:/C:/Users/admin1/.m2/repository/org/springframework/boot/spring-boot-starter-logging/1.5.4.RELEASE/spring-boot-starter-logging-1.5.4.RELEASE-sources.jar","isSystem":false,"isOwn":false,"isTest":false,"isJavaContent":false},{"kind":"binary","path":"C:\\Users\\admin1\\.m2\\repository\\ch\\qos\\logback\\logback-classic\\1.1.11\\logback-classic-1.1.11.jar","sourceContainerUrl":"file:/C:/Users/admin1/.m2/repository/ch/qos/logback/logback-classic/1.1.11/logback-classic-1.1.11-sources.jar","javadocContainerUrl":"file:/C:/Users/admin1/.m2/repository/ch/qos/logback/logback-classic/1.1.11/logback-classic-1.1.11-javadoc.jar","isSystem":false,"isOwn":false,"isTest":false,"isJavaContent":false},{"kind":"binary","path":"C:\\Users\\admin1\\.m2\\repository\\ch\\qos\\logback\\logback-core\\1.1.11\\logback-core-1.1.11.jar","sourceContainerUrl":"file:/C:/Users/admin1/.m2/repository/ch/qos/logback/logback-core/1.1.11/logback-core-1.1.11-sources.jar","javadocContainerUrl":"file:/C:/Users/admin1/.m2/repository/ch/qos/logback/logback-core/1.1.11/logback-core-1.1.11-javadoc.jar","isSystem":false,"isOwn":false,"isTest":false,"isJavaContent":false},{"kind":"binary","path":"C:\\Users\\admin1\\.m2\\repository\\org\\slf4j\\jcl-over-slf4j\\1.7.25\\jcl-over-slf4j-1.7.25.jar","sourceContainerUrl":"file:/C:/Users/admin1/.m2/repository/org/slf4j/jcl-over-slf4j/1.7.25/jcl-over-slf4j-1.7.25-sources.jar","javadocContainerUrl":"file:/C:/Users/admin1/.m2/repository/org/slf4j/jcl-over-slf4j/1.7.25/jcl-over-slf4j-1.7.25-javadoc.jar","isSystem":false,"isOwn":false,"isTest":false,"isJavaContent":false},{"kind":"binary","path":"C:\\Users\\admin1\\.m2\\repository\\org\\slf4j\\jul-to-slf4j\\1.7.25\\jul-to-slf4j-1.7.25.jar","sourceContainerUrl":"file:/C:/Users/admin1/.m2/repository/org/slf4j/jul-to-slf4j/1.7.25/jul-to-slf4j-1.7.25-sources.jar","javadocContainerUrl":"file:/C:/Users/admin1/.m2/repository/org/slf4j/jul-to-slf4j/1.7.25/jul-to-slf4j-1.7.25-javadoc.jar","isSystem":false,"isOwn":false,"isTest":false,"isJavaContent":false},{"kind":"binary","path":"C:\\Users\\admin1\\.m2\\repository\\org\\slf4j\\log4j-over-slf4j\\1.7.25\\log4j-over-slf4j-1.7.25.jar","sourceContainerUrl":"file:/C:/Users/admin1/.m2/repository/org/slf4j/log4j-over-slf4j/1.7.25/log4j-over-slf4j-1.7.25-sources.jar","javadocContainerUrl":"file:/C:/Users/admin1/.m2/repository/org/slf4j/log4j-over-slf4j/1.7.25/log4j-over-slf4j-1.7.25-javadoc.jar","isSystem":false,"isOwn":false,"isTest":false,"isJavaContent":false},{"kind":"binary","path":"C:\\Users\\admin1\\.m2\\repository\\org\\springframework\\spring-core\\4.3.9.RELEASE\\spring-core-4.3.9.RELEASE.jar","sourceContainerUrl":"file:/C:/Users/admin1/.m2/repository/org/springframework/spring-core/4.3.9.RELEASE/spring-core-4.3.9.RELEASE-sources.jar","javadocContainerUrl":"file:/C:/Users/admin1/.m2/repository/org/springframework/spring-core/4.3.9.RELEASE/spring-core-4.3.9.RELEASE-javadoc.jar","isSystem":false,"isOwn":false,"isTest":false,"isJavaContent":false},{"kind":"binary","path":"C:\\Users\\admin1\\.m2\\repository\\org\\yaml\\snakeyaml\\1.17\\snakeyaml-1.17.jar","sourceContainerUrl":"file:/C:/Users/admin1/.m2/repository/org/yaml/snakeyaml/1.17/snakeyaml-1.17-sources.jar","javadocContainerUrl":"file:/C:/Users/admin1/.m2/repository/org/yaml/snakeyaml/1.17/snakeyaml-1.17-javadoc.jar","isSystem":false,"isOwn":false,"isTest":false,"isJavaContent":false},{"kind":"binary","path":"C:\\Users\\admin1\\.m2\\repository\\org\\springframework\\boot\\spring-boot-starter-test\\1.5.4.RELEASE\\spring-boot-starter-test-1.5.4.RELEASE.jar","sourceContainerUrl":"file:/C:/Users/admin1/.m2/repository/org/springframework/boot/spring-boot-starter-test/1.5.4.RELEASE/spring-boot-starter-test-1.5.4.RELEASE-sources.jar","isSystem":false,"isOwn":false,"isTest":false,"isJavaContent":false},{"kind":"binary","path":"C:\\Users\\admin1\\.m2\\repository\\org\\springframework\\boot\\spring-boot-test\\1.5.4.RELEASE\\spring-boot-test-1.5.4.RELEASE.jar","sourceContainerUrl":"file:/C:/Users/admin1/.m2/repository/org/springframework/boot/spring-boot-test/1.5.4.RELEASE/spring-boot-test-1.5.4.RELEASE-sources.jar","javadocContainerUrl":"file:/C:/Users/admin1/.m2/repository/org/springframework/boot/spring-boot-test/1.5.4.RELEASE/spring-boot-test-1.5.4.RELEASE-javadoc.jar","isSystem":false,"isOwn":false,"isTest":false,"isJavaContent":false},{"kind":"binary","path":"C:\\Users\\admin1\\.m2\\repository\\org\\springframework\\boot\\spring-boot-test-autoconfigure\\1.5.4.RELEASE\\spring-boot-test-autoconfigure-1.5.4.RELEASE.jar","sourceContainerUrl":"file:/C:/Users/admin1/.m2/repository/org/springframework/boot/spring-boot-test-autoconfigure/1.5.4.RELEASE/spring-boot-test-autoconfigure-1.5.4.RELEASE-sources.jar","javadocContainerUrl":"file:/C:/Users/admin1/.m2/repository/org/springframework/boot/spring-boot-test-autoconfigure/1.5.4.RELEASE/spring-boot-test-autoconfigure-1.5.4.RELEASE-javadoc.jar","isSystem":false,"isOwn":false,"isTest":false,"isJavaContent":false},{"kind":"binary","path":"C:\\Users\\admin1\\.m2\\repository\\com\\jayway\\jsonpath\\json-path\\2.2.0\\json-path-2.2.0.jar","sourceContainerUrl":"file:/C:/Users/admin1/.m2/repository/com/jayway/jsonpath/json-path/2.2.0/json-path-2.2.0-sources.jar","javadocContainerUrl":"file:/C:/Users/admin1/.m2/repository/com/jayway/jsonpath/json-path/2.2.0/json-path-2.2.0-javadoc.jar","isSystem":false,"isOwn":false,"isTest":false,"isJavaContent":false},{"kind":"binary","path":"C:\\Users\\admin1\\.m2\\repository\\net\\minidev\\json-smart\\2.2.1\\json-smart-2.2.1.jar","sourceContainerUrl":"file:/C:/Users/admin1/.m2/repository/net/minidev/json-smart/2.2.1/json-smart-2.2.1-sources.jar","javadocContainerUrl":"file:/C:/Users/admin1/.m2/repository/net/minidev/json-smart/2.2.1/json-smart-2.2.1-javadoc.jar","isSystem":false,"isOwn":false,"isTest":false,"isJavaContent":false},{"kind":"binary","path":"C:\\Users\\admin1\\.m2\\repository\\net\\minidev\\accessors-smart\\1.1\\accessors-smart-1.1.jar","sourceContainerUrl":"file:/C:/Users/admin1/.m2/repository/net/minidev/accessors-smart/1.1/accessors-smart-1.1-sources.jar","javadocContainerUrl":"file:/C:/Users/admin1/.m2/repository/net/minidev/accessors-smart/1.1/accessors-smart-1.1-javadoc.jar","isSystem":false,"isOwn":false,"isTest":false,"isJavaContent":false},{"kind":"binary","path":"C:\\Users\\admin1\\.m2\\repository\\org\\ow2\\asm\\asm\\5.0.3\\asm-5.0.3.jar","sourceContainerUrl":"file:/C:/Users/admin1/.m2/repository/org/ow2/asm/asm/5.0.3/asm-5.0.3-sources.jar","javadocContainerUrl":"file:/C:/Users/admin1/.m2/repository/org/ow2/asm/asm/5.0.3/asm-5.0.3-javadoc.jar","isSystem":false,"isOwn":false,"isTest":false,"isJavaContent":false},{"kind":"binary","path":"C:\\Users\\admin1\\.m2\\repository\\org\\slf4j\\slf4j-api\\1.7.25\\slf4j-api-1.7.25.jar","sourceContainerUrl":"file:/C:/Users/admin1/.m2/repository/org/slf4j/slf4j-api/1.7.25/slf4j-api-1.7.25-sources.jar","javadocContainerUrl":"file:/C:/Users/admin1/.m2/repository/org/slf4j/slf4j-api/1.7.25/slf4j-api-1.7.25-javadoc.jar","isSystem":false,"isOwn":false,"isTest":false,"isJavaContent":false},{"kind":"binary","path":"C:\\Users\\admin1\\.m2\\repository\\junit\\junit\\4.12\\junit-4.12.jar","sourceContainerUrl":"file:/C:/Users/admin1/.m2/repository/junit/junit/4.12/junit-4.12-sources.jar","javadocContainerUrl":"file:/C:/Users/admin1/.m2/repository/junit/junit/4.12/junit-4.12-javadoc.jar","isSystem":false,"isOwn":false,"isTest":false,"isJavaContent":false},{"kind":"binary","path":"C:\\Users\\admin1\\.m2\\repository\\org\\assertj\\assertj-core\\2.6.0\\assertj-core-2.6.0.jar","sourceContainerUrl":"file:/C:/Users/admin1/.m2/repository/org/assertj/assertj-core/2.6.0/assertj-core-2.6.0-sources.jar","javadocContainerUrl":"file:/C:/Users/admin1/.m2/repository/org/assertj/assertj-core/2.6.0/assertj-core-2.6.0-javadoc.jar","isSystem":false,"isOwn":false,"isTest":false,"isJavaContent":false},{"kind":"binary","path":"C:\\Users\\admin1\\.m2\\repository\\org\\mockito\\mockito-core\\1.10.19\\mockito-core-1.10.19.jar","sourceContainerUrl":"file:/C:/Users/admin1/.m2/repository/org/mockito/mockito-core/1.10.19/mockito-core-1.10.19-sources.jar","javadocContainerUrl":"file:/C:/Users/admin1/.m2/repository/org/mockito/mockito-core/1.10.19/mockito-core-1.10.19-javadoc.jar","isSystem":false,"isOwn":false,"isTest":false,"isJavaContent":false},{"kind":"binary","path":"C:\\Users\\admin1\\.m2\\repository\\org\\objenesis\\objenesis\\2.1\\objenesis-2.1.jar","sourceContainerUrl":"file:/C:/Users/admin1/.m2/repository/org/objenesis/objenesis/2.1/objenesis-2.1-sources.jar","javadocContainerUrl":"file:/C:/Users/admin1/.m2/repository/org/objenesis/objenesis/2.1/objenesis-2.1-javadoc.jar","isSystem":false,"isOwn":false,"isTest":false,"isJavaContent":false},{"kind":"binary","path":"C:\\Users\\admin1\\.m2\\repository\\org\\hamcrest\\hamcrest-core\\1.3\\hamcrest-core-1.3.jar","sourceContainerUrl":"file:/C:/Users/admin1/.m2/repository/org/hamcrest/hamcrest-core/1.3/hamcrest-core-1.3-sources.jar","javadocContainerUrl":"file:/C:/Users/admin1/.m2/repository/org/hamcrest/hamcrest-core/1.3/hamcrest-core-1.3-javadoc.jar","isSystem":false,"isOwn":false,"isTest":false,"isJavaContent":false},{"kind":"binary","path":"C:\\Users\\admin1\\.m2\\repository\\org\\hamcrest\\hamcrest-library\\1.3\\hamcrest-library-1.3.jar","sourceContainerUrl":"file:/C:/Users/admin1/.m2/repository/org/hamcrest/hamcrest-library/1.3/hamcrest-library-1.3-sources.jar","javadocContainerUrl":"file:/C:/Users/admin1/.m2/repository/org/hamcrest/hamcrest-library/1.3/hamcrest-library-1.3-javadoc.jar","isSystem":false,"isOwn":false,"isTest":false,"isJavaContent":false},{"kind":"binary","path":"C:\\Users\\admin1\\.m2\\repository\\org\\skyscreamer\\jsonassert\\1.4.0\\jsonassert-1.4.0.jar","sourceContainerUrl":"file:/C:/Users/admin1/.m2/repository/org/skyscreamer/jsonassert/1.4.0/jsonassert-1.4.0-sources.jar","javadocContainerUrl":"file:/C:/Users/admin1/.m2/repository/org/skyscreamer/jsonassert/1.4.0/jsonassert-1.4.0-javadoc.jar","isSystem":false,"isOwn":false,"isTest":false,"isJavaContent":false},{"kind":"binary","path":"C:\\Users\\admin1\\.m2\\repository\\com\\vaadin\\external\\google\\android-json\\0.0.20131108.vaadin1\\android-json-0.0.20131108.vaadin1.jar","sourceContainerUrl":"file:/C:/Users/admin1/.m2/repository/com/vaadin/external/google/android-json/0.0.20131108.vaadin1/android-json-0.0.20131108.vaadin1-sources.jar","javadocContainerUrl":"file:/C:/Users/admin1/.m2/repository/com/vaadin/external/google/android-json/0.0.20131108.vaadin1/android-json-0.0.20131108.vaadin1-javadoc.jar","isSystem":false,"isOwn":false,"isTest":false,"isJavaContent":false},{"kind":"binary","path":"C:\\Users\\admin1\\.m2\\repository\\org\\springframework\\spring-test\\4.3.9.RELEASE\\spring-test-4.3.9.RELEASE.jar","sourceContainerUrl":"file:/C:/Users/admin1/.m2/repository/org/springframework/spring-test/4.3.9.RELEASE/spring-test-4.3.9.RELEASE-sources.jar","javadocContainerUrl":"file:/C:/Users/admin1/.m2/repository/org/springframework/spring-test/4.3.9.RELEASE/spring-test-4.3.9.RELEASE-javadoc.jar","isSystem":false,"isOwn":false,"isTest":false,"isJavaContent":false},{"kind":"source","path":"C:\\Users\\admin1\\EA\\workspace\\HelloWorldBoot\\src\\main\\java","outputFolder":"C:\\Users\\admin1\\EA\\workspace\\HelloWorldBoot\\target\\classes","javadocContainerUrl":"file:/C:/Users/admin1/EA/workspace/HelloWorldBoot/target/site/apidocs","isSystem":false,"isOwn":true,"isTest":false,"isJavaContent":true},{"kind":"source","path":"C:\\Users\\admin1\\EA\\workspace\\HelloWorldBoot\\src\\test\\java","outputFolder":"C:\\Users\\admin1\\EA\\workspace\\HelloWorldBoot\\target\\test-classes","javadocContainerUrl":"file:/C:/Users/admin1/EA/workspace/HelloWorldBoot/target/site/apidocs","isSystem":false,"isOwn":true,"isTest":true,"isJavaContent":true},{"kind":"source","path":"C:\\Users\\admin1\\EA\\workspace\\HelloWorldBoot\\src\\main\\resources","outputFolder":"C:\\Users\\admin1\\EA\\workspace\\HelloWorldBoot\\target\\classes","isSystem":false,"isOwn":true,"isTest":false,"isJavaContent":false},{"kind":"source","path":"C:\\Users\\admin1\\EA\\workspace\\HelloWorldBoot\\src\\test\\resources","outputFolder":"C:\\Users\\admin1\\EA\\workspace\\HelloWorldBoot\\target\\test-classes","isSystem":false,"isOwn":true,"isTest":true,"isJavaContent":false},{"kind":"source","path":"C:\\Users\\admin1\\EA\\workspace\\HelloWorldBoot\\src\\test\\java","outputFolder":"C:\\Users\\admin1\\EA\\workspace\\HelloWorldBoot\\target\\test-classes","javadocContainerUrl":"file:/C:/Users/admin1/EA/workspace/HelloWorldBoot/target/site/apidocs","isSystem":false,"isOwn":true,"isTest":false,"isJavaContent":false}]}