<?xml version="1.0" encoding="UTF-8"?>
<beans xmlns="http://www.springframework.org/schema/beans"
       xmlns:xsi="http://www.w3.org/2001/XMLSchema-instance"
       xmlns:jms="http://www.springframework.org/schema/jms"
       xmlns:p="http://www.springframework.org/schema/p"
       xsi:schemaLocation="http://www.springframework.org/schema/beans
        http://www.springframework.org/schema/beans/spring-beans.xsd
        http://www.springframework.org/schema/jms
        http://www.springframework.org/schema/jms/spring-jms.xsd">

    <bean id="moderatePriceMessageListener" class="edu.mum.listener.ModeratePriceMessageListener"/>
    <jms:listener-container container-type="default"
                            connection-factory="connectionFactory" acknowledge="auto">
        <jms:listener destination="moderateItemQueue" ref="moderatePriceMessageListener" method="onMessage" />
    </jms:listener-container>


    <bean id="highPriceMessageListener" class="edu.mum.listener.HighPriceMessageListener"/>
    <jms:listener-container container-type="default"
                            connection-factory="connectionFactory" acknowledge="auto">
        <jms:listener destination="highItemQueue" ref="highPriceMessageListener" method="onMessage" />
    </jms:listener-container>

</beans>